month,total_accounts,recovered_accounts,raw_recovery_inr,clean_recovery_inr,total_calls,answered_calls,total_ptps,kept_ptps,raw_mom_recovery_pct,clean_mom_recovery_pct,duplicate_inflation_inr,duplicate_inflation_pct,account_recovery_rate_pct,contact_rate_pct,ptp_kept_rate_pct,recovery_per_account_inr,is_complete_month
2025-12,30000,0,0.0,0.0,1.0,0.0,0.0,0.0,,,0.0,,0.0,0.0,,0.0,1
2026-01,30000,2080,191133284.42,163830918.23,12896.0,2588.0,2522.0,607.0,inf,inf,27302366.189999998,14.284464515351104,6.933333333333333,20.068238213399503,24.068199841395717,5461.030607666667,1
2026-02,30000,1925,174097287.96,149105649.65,11740.0,2311.0,2220.0,567.0,-8.913150062636266,-8.988088902320246,24991638.310000002,14.35498427508072,6.416666666666666,19.684838160136287,25.54054054054054,4970.1883216666665,1
2026-03,30000,2148,193233384.29,166712612.24,13041.0,2596.0,2509.0,619.0,10.99161081383222,11.80838058874989,26520772.049999982,13.72473609953353,7.16,19.90644889195614,24.671183738541252,5557.087074666667,1
2026-04,30000,2019,178427017.05,152515365.73,12421.0,2396.0,2492.0,629.0,-7.662427118586789,-8.516000270910284,25911651.320000023,14.522268963751653,6.7299999999999995,19.28991224539087,25.240770465489565,5083.845524333333,1
2026-05,30000,2055,187048144.34,159564029.24,12944.0,2636.0,2507.0,634.0,4.831738731351498,4.621608764639729,27484115.099999994,14.693604791952247,6.8500000000000005,20.364647713226205,25.289190267251694,5318.800974666667,1
2026-06,30000,2007,178724493.46,153648837.07,12312.0,2511.0,2439.0,602.0,-4.450004521226358,-3.7070962661032936,25075656.390000015,14.03034128369884,6.69,20.394736842105264,24.682246822468223,5121.627902333333,1
2026-07,30000,2035,190278846.88,161751564.59,12757.0,2473.0,2626.0,645.0,6.464896442739643,5.273536509949972,28527282.28999999,14.992356090948364,6.783333333333333,19.385435447205456,24.56207159177456,5391.718819666667,1
2026-08,30000,549,48543467.93,42742483.26,3238.0,635.0,685.0,186.0,-74.48824778688402,-73.57522731335455,5800984.670000002,11.950082920250074,1.83,19.610870907967882,27.153284671532845,1424.7494419999998,0
